codec,preset,sequence,crf,standard,real_bitrate,bitrate,subjective_score
vp9,subjective,crowd-run-2019,1000,vp9,1616.0,mid,1.9528992155868885
vp9,subjective,crowd-run-2019,2000,vp9,2610.0,mid,4.119688355329167
vp9,subjective,crowd-run-2019,4000,vp9,5003.0,mid,6.140921483809624
vp9,subjective,kayak-trip-2019,1000,vp9,2075.0,mid,2.1924191662846244
vp9,subjective,kayak-trip-2019,2000,vp9,3768.0,mid,3.832727922394557
vp9,subjective,kayak-trip-2019,4000,vp9,7366.0,high,4.715079266487291
vp9,subjective,making-alcohol-2019,1000,vp9,1705.0,mid,2.211430648243716
vp9,subjective,making-alcohol-2019,2000,vp9,3397.0,mid,2.9643648859669667
vp9,subjective,making-alcohol-2019,4000,vp9,7025.0,high,3.275081410773105
vp9,subjective,tractor-2019,1000,vp9,1862.0,mid,1.7516880556668013
vp9,subjective,tractor-2019,2000,vp9,3723.0,mid,2.176681799012488
vp9,subjective,tractor-2019,4000,vp9,7501.0,high,2.7407235710853826
vp9,subjective,wedding-party-2019,1000,vp9,1678.0,mid,2.016452137549707
vp9,subjective,wedding-party-2019,2000,vp9,2849.0,mid,4.386326307848789
vp9,subjective,wedding-party-2019,4000,vp9,5290.0,mid,5.587043440753812
x264,subjective,crowd-run-2019,1000,h264,1246.0,mid,0.0
x264,subjective,crowd-run-2019,2000,h264,2498.0,mid,2.499984262711732
x264,subjective,crowd-run-2019,4000,h264,4989.0,mid,5.738296268691136
x264,subjective,kayak-trip-2019,1000,h264,1875.0,mid,0.0
x264,subjective,kayak-trip-2019,2000,h264,3804.0,mid,2.076813171196497
x264,subjective,kayak-trip-2019,4000,h264,7626.0,high,4.25665000828255
x264,subjective,making-alcohol-2019,1000,h264,1877.0,mid,0.0
x264,subjective,making-alcohol-2019,2000,h264,3733.0,mid,2.379250931609172
x264,subjective,making-alcohol-2019,4000,h264,7409.0,high,2.962323370040929
x264,subjective,tractor-2019,1000,h264,1896.0,mid,0.2712905522965574
x264,subjective,tractor-2019,2000,h264,3758.0,mid,1.927969803784947
x264,subjective,tractor-2019,4000,h264,7515.0,high,2.424574065625335
x264,subjective,wedding-party-2019,1000,h264,1886.0,mid,0.0
x264,subjective,wedding-party-2019,2000,h264,3762.0,mid,2.6723697928806347
x264,subjective,wedding-party-2019,4000,h264,7542.0,high,5.313460568309192
x265,subjective,crowd-run-2019,1000,h265,1060.0,mid,0.6465866944852787
x265,subjective,crowd-run-2019,2000,h265,2458.0,mid,3.547634514737201
x265,subjective,crowd-run-2019,4000,h265,4923.0,mid,5.861929362301
x265,subjective,kayak-trip-2019,1000,h265,2286.0,mid,2.8749525939170804
x265,subjective,kayak-trip-2019,2000,h265,4523.0,mid,4.432644031138503
x265,subjective,kayak-trip-2019,4000,h265,8833.0,high,5.164655638986524
x265,subjective,making-alcohol-2019,1000,h265,1694.0,mid,2.236145964878639
x265,subjective,making-alcohol-2019,2000,h265,3366.0,mid,2.843248105948005
x265,subjective,making-alcohol-2019,4000,h265,6729.0,high,3.1570146738452936
x265,subjective,tractor-2019,1000,h265,1705.0,mid,1.37775998908955
x265,subjective,tractor-2019,2000,h265,3489.0,mid,2.05041210851068
x265,subjective,tractor-2019,4000,h265,7233.0,high,2.5229644590634464
x265,subjective,wedding-party-2019,1000,h265,2008.0,mid,3.691408997165622
x265,subjective,wedding-party-2019,2000,h265,4007.0,mid,5.352454847526089
x265,subjective,wedding-party-2019,4000,h265,7984.0,high,5.753935946300077
xin265,subjective,crowd-run-2019,1000,h265,1280.0,mid,1.583179284723636
xin265,subjective,crowd-run-2019,2000,h265,2558.0,mid,3.897555993448728
xin265,subjective,crowd-run-2019,4000,h265,5113.0,mid,6.411295219261636
xin265,subjective,kayak-trip-2019,1000,h265,2011.0,mid,2.3708630863580447
xin265,subjective,kayak-trip-2019,2000,h265,3835.0,mid,4.009467011039511
xin265,subjective,kayak-trip-2019,4000,h265,7671.0,high,4.689924951323555
xin265,subjective,making-alcohol-2019,1000,h265,1900.0,mid,2.4759029627380764
xin265,subjective,making-alcohol-2019,2000,h265,3815.0,mid,2.9304052314220765
xin265,subjective,making-alcohol-2019,4000,h265,7619.0,high,3.212943276378709
xin265,subjective,tractor-2019,1000,h265,1884.0,mid,1.353801731240106
xin265,subjective,tractor-2019,2000,h265,3787.0,mid,1.9771946510217704
xin265,subjective,tractor-2019,4000,h265,7631.0,high,2.559793441298049
xin265,subjective,wedding-party-2019,1000,h265,1912.0,mid,3.441761498496901
xin265,subjective,wedding-party-2019,2000,h265,3830.0,mid,5.322662653968674
xin265,subjective,wedding-party-2019,4000,h265,7658.0,high,5.64670458431307
rav1e,offline,blue-hair-2020,134,av1,4943.0,mid,4.608022365231355
rav1e,offline,blue-hair-2020,166,av1,2381.0,mid,4.482571441116468
rav1e,offline,blue-hair-2020,190,av1,1319.0,mid,3.849731766262604
rav1e,offline,cover-song-2020,102,av1,5230.0,mid,3.1457550948854203
rav1e,offline,cover-song-2020,134,av1,2678.0,mid,2.6084085654910902
rav1e,offline,cover-song-2020,166,av1,1328.0,mid,1.814657261108229
rav1e,offline,crowd-run-2020,193,av1,4997.0,mid,6.252895915706984
rav1e,offline,crowd-run-2020,218,av1,2475.0,mid,4.266594168991521
rav1e,offline,crowd-run-2020,240,av1,1343.0,mid,1.975745811837628
rav1e,offline,gamming-2020,207,av1,4898.0,mid,6.632491896570215
rav1e,offline,gamming-2020,230,av1,2475.0,mid,5.246274873694242
rav1e,offline,gamming-2020,255,av1,1480.0,mid,3.746626218055754
rav1e,offline,okeechobee-2020,94,av1,4778.0,mid,4.634789452684207
rav1e,offline,okeechobee-2020,134,av1,2346.0,mid,4.201583069339547
rav1e,offline,okeechobee-2020,166,av1,1281.0,mid,3.424555843157413
rav1e,offline,pyranha-rafting-2020,172,av1,4698.0,mid,4.880716890644155
rav1e,offline,pyranha-rafting-2020,196,av1,2698.0,mid,4.066861763602316
rav1e,offline,pyranha-rafting-2020,225,av1,1255.0,mid,2.3400875647816104
rav1e,offline,road-timelapse-2020,156,av1,4938.0,mid,5.735442384140134
rav1e,offline,road-timelapse-2020,188,av1,2509.0,mid,4.704606009752649
x264,fast,blue-hair-2020,31,h264,4915.0,mid,4.2907050802170605
x264,fast,blue-hair-2020,36,h264,2630.0,mid,2.909168505382847
x264,fast,blue-hair-2020,44,h264,1216.0,mid,0.0
x264,fast,cover-song-2020,24,h264,4754.0,mid,3.03505390620696
x264,fast,cover-song-2020,29,h264,2507.0,mid,2.4171022402684086
x264,fast,cover-song-2020,35,h264,1225.0,mid,0.3874072182579646
x264,fast,crowd-run-2020,33,h264,5215.0,mid,6.36442778786743
x264,fast,crowd-run-2020,38,h264,2329.0,mid,2.623281808545327
x264,fast,crowd-run-2020,42,h264,1299.0,mid,0.0
x264,fast,gamming-2020,37,h264,4926.0,mid,5.070063009596932
x264,fast,gamming-2020,41,h264,2477.0,mid,2.338450327801129
x264,fast,gamming-2020,46,h264,1205.0,mid,0.0
x264,fast,okeechobee-2020,26,h264,4767.0,mid,4.223560198071314
x264,fast,okeechobee-2020,32,h264,2401.0,mid,2.912244044933304
x264,fast,okeechobee-2020,38,h264,1292.0,mid,0.7086141571479794
x264,fast,pyranha-rafting-2020,33,h264,5229.0,mid,4.498568143855471
x264,fast,pyranha-rafting-2020,38,h264,2379.0,mid,2.915441710516621
x264,fast,pyranha-rafting-2020,42,h264,1242.0,mid,0.4585065185295049
x264,fast,road-timelapse-2020,33,h264,4693.0,mid,4.895090566836213
x264,fast,road-timelapse-2020,38,h264,2496.0,mid,2.8999429687656653
x264,fast,road-timelapse-2020,44,h264,1227.0,mid,0.0
x264,offline,blue-hair-2020,31,h264,3885.0,mid,4.189644835485958
x264,offline,blue-hair-2020,36,h264,2129.0,mid,2.531499108089065
x264,offline,blue-hair-2020,44,h264,1030.0,mid,0.0391243569978296
x264,offline,cover-song-2020,24,h264,4490.0,mid,3.0204476566134533
x264,offline,cover-song-2020,29,h264,2352.0,mid,2.281175190536986
x264,offline,cover-song-2020,35,h264,1150.0,mid,0.2870241650891634
x264,offline,crowd-run-2020,33,h264,4972.0,mid,6.214994799267828
x264,offline,crowd-run-2020,38,h264,2306.0,mid,2.6051749616655444
x264,offline,crowd-run-2020,42,h264,1395.0,mid,0.0535616597680661
x264,offline,gamming-2020,37,h264,4300.0,mid,4.891803197475324
x264,offline,gamming-2020,41,h264,2344.0,mid,2.1608373899641826
x264,offline,gamming-2020,46,h264,1262.0,mid,0.2455508742195613
x264,offline,okeechobee-2020,26,h264,4281.0,mid,4.419210732173508
x264,offline,okeechobee-2020,32,h264,2185.0,mid,2.913831038178601
x264,offline,okeechobee-2020,38,h264,1223.0,mid,0.6197576625483103
x264,offline,pyranha-rafting-2020,33,h264,4764.0,mid,4.479168929526297
x264,offline,pyranha-rafting-2020,38,h264,2152.0,mid,2.6398842618696694
x264,offline,pyranha-rafting-2020,42,h264,1213.0,mid,0.3295046549538143
x264,offline,road-timelapse-2020,33,h264,4239.0,mid,4.753868262307572
x264,offline,road-timelapse-2020,38,h264,2320.0,mid,2.927893338914331
x264,offline,road-timelapse-2020,44,h264,1240.0,mid,0.0585090671632677
x265-mw,fast,blue-hair-2020,28,h265,4725.0,mid,4.969974727280278
x265-mw,fast,blue-hair-2020,32,h265,2569.0,mid,4.567352327253827
x265-mw,fast,blue-hair-2020,37,h265,1299.0,mid,3.1753335805418312
x265-mw,fast,cover-song-2020,25,h265,4762.0,mid,2.864751264006981
x265-mw,fast,cover-song-2020,30,h265,2345.0,mid,2.226476442063085
x265-mw,fast,cover-song-2020,34,h265,1335.0,mid,1.4009515867145252
x265-mw,fast,crowd-run-2020,35,h265,5181.0,mid,5.660579054688857
x265-mw,fast,crowd-run-2020,39,h265,2523.0,mid,3.6259239850872462
x265-mw,fast,crowd-run-2020,43,h265,1182.0,mid,0.9642161527504278
x265-mw,fast,gamming-2020,38,h265,5425.0,mid,6.2855996860952414
x265-mw,fast,gamming-2020,42,h265,2493.0,mid,4.625057086122915
x265-mw,fast,gamming-2020,47,h265,1295.0,mid,2.17816647973684
x265-mw,fast,okeechobee-2020,23,h265,5066.0,mid,4.634353962913737
x265-mw,fast,okeechobee-2020,29,h265,2450.0,mid,4.272898798972855
x265-mw,fast,okeechobee-2020,35,h265,1201.0,mid,2.776172898759487
x265-mw,fast,pyranha-rafting-2020,34,h265,4823.0,mid,4.6802998217626826
x265-mw,fast,pyranha-rafting-2020,38,h265,2662.0,mid,3.8467633439294255
x265-mw,fast,pyranha-rafting-2020,43,h265,1148.0,mid,1.819645716790872
x265-mw,fast,road-timelapse-2020,32,h265,4878.0,mid,5.444528959272349
x265-mw,fast,road-timelapse-2020,37,h265,2533.0,mid,4.377772540148479
x265-mw,fast,road-timelapse-2020,42,h265,1252.0,mid,2.080009224605574
x265-mw,offline,blue-hair-2020,28,h265,4712.0,mid,4.877290017873207
x265-mw,offline,blue-hair-2020,32,h265,2472.0,mid,4.714028842590887
x265-mw,offline,blue-hair-2020,37,h265,1189.0,mid,3.8092040693590334
x265-mw,offline,cover-song-2020,25,h265,5265.0,mid,3.1259433214520804
x265-mw,offline,cover-song-2020,30,h265,2571.0,mid,2.53108730644574
x265-mw,offline,cover-song-2020,34,h265,1436.0,mid,1.735336351877148
x265-mw,offline,crowd-run-2020,35,h265,5638.0,mid,6.949937833880483
x265-mw,offline,crowd-run-2020,39,h265,2771.0,mid,4.820200719465093
x265-mw,offline,crowd-run-2020,43,h265,1290.0,mid,2.1739401016301985
x265-mw,offline,gamming-2020,38,h265,5431.0,mid,6.697385940511393
x265-mw,offline,gamming-2020,42,h265,2433.0,mid,5.11834846397579
x265-mw,offline,gamming-2020,47,h265,1451.0,mid,2.556427021452807
x265-mw,offline,okeechobee-2020,23,h265,5029.0,mid,4.799366209361394
x265-mw,offline,okeechobee-2020,29,h265,2368.0,mid,4.439081198756316
x265-mw,offline,okeechobee-2020,35,h265,1128.0,mid,3.2247791949336064
x265-mw,offline,pyranha-rafting-2020,34,h265,4963.0,mid,4.816405631786756
x265-mw,offline,pyranha-rafting-2020,38,h265,2714.0,mid,4.214274290669728
x265-mw,offline,pyranha-rafting-2020,43,h265,1124.0,mid,2.518352501184862
x265-mw,offline,road-timelapse-2020,32,h265,4784.0,mid,5.664612869586472
x265-mw,offline,road-timelapse-2020,37,h265,2432.0,mid,4.924369179754967
x265-mw,offline,road-timelapse-2020,42,h265,1162.0,mid,3.028381545932028
x265-ref,fast,blue-hair-2020,28,h265,4725.0,mid,4.83062227350485
x265-ref,fast,blue-hair-2020,32,h265,2569.0,mid,4.456799955560783
x265-ref,fast,blue-hair-2020,37,h265,1299.0,mid,3.229087801474634
x265-ref,fast,cover-song-2020,25,h265,4762.0,mid,2.853852425493662
x265-ref,fast,cover-song-2020,30,h265,2345.0,mid,2.254797324188832
x265-ref,fast,cover-song-2020,34,h265,1335.0,mid,1.4133178612460868
x265-ref,fast,crowd-run-2020,35,h265,5181.0,mid,5.783251121107919
x265-ref,fast,crowd-run-2020,39,h265,2523.0,mid,3.2971336159834146
x265-ref,fast,crowd-run-2020,43,h265,1182.0,mid,0.9288029869809932
x265-ref,fast,gamming-2020,38,h265,5425.0,mid,6.331966275328676
x265-ref,fast,gamming-2020,42,h265,2493.0,mid,4.625193321235332
x265-ref,fast,gamming-2020,47,h265,1295.0,mid,2.3524870953340007
x265-ref,fast,okeechobee-2020,23,h265,5066.0,mid,4.677281432660839
x265-ref,fast,okeechobee-2020,29,h265,2450.0,mid,4.128182149808604
x265-ref,fast,okeechobee-2020,35,h265,1201.0,mid,2.6470026815112866
x265-ref,fast,pyranha-rafting-2020,34,h265,4823.0,mid,4.714504636514059
x265-ref,fast,pyranha-rafting-2020,38,h265,2662.0,mid,3.857397467067682
x265-ref,fast,pyranha-rafting-2020,43,h265,1148.0,mid,1.9416939477885664
x265-ref,fast,road-timelapse-2020,32,h265,4878.0,mid,5.488794601257276
x265-ref,fast,road-timelapse-2020,37,h265,2533.0,mid,4.220141531043395
x265-ref,fast,road-timelapse-2020,42,h265,1252.0,mid,2.298744877542568
x265-ref,offline,blue-hair-2020,28,h265,4729.0,mid,4.750407177227122
x265-ref,offline,blue-hair-2020,32,h265,2486.0,mid,4.687223562568788
x265-ref,offline,blue-hair-2020,37,h265,1205.0,mid,3.7629632576934906
x265-ref,offline,cover-song-2020,25,h265,5294.0,mid,3.208018760643
x265-ref,offline,cover-song-2020,30,h265,2577.0,mid,2.6924505860085355
x265-ref,offline,cover-song-2020,34,h265,1437.0,mid,1.822392270490948
x265-ref,offline,crowd-run-2020,35,h265,5604.0,mid,6.810404879586187
x265-ref,offline,crowd-run-2020,39,h265,2754.0,mid,4.732668655517975
x265-ref,offline,crowd-run-2020,43,h265,1284.0,mid,2.0742263044486933
x265-ref,offline,gamming-2020,38,h265,5557.0,mid,6.484425727478612
x265-ref,offline,gamming-2020,42,h265,2499.0,mid,4.956124246691021
x265-ref,offline,gamming-2020,47,h265,1473.0,mid,2.641682896070746
x265-ref,offline,okeechobee-2020,23,h265,5055.0,mid,4.788963119954741
x265-ref,offline,okeechobee-2020,29,h265,2380.0,mid,4.281846724413506
x265-ref,offline,okeechobee-2020,35,h265,1135.0,mid,3.234349356548602
x265-ref,offline,pyranha-rafting-2020,34,h265,4997.0,mid,4.860065300262547
x265-ref,offline,pyranha-rafting-2020,38,h265,2736.0,mid,4.085478622861793
x265-ref,offline,pyranha-rafting-2020,43,h265,1134.0,mid,2.437324894929079
x265-ref,offline,road-timelapse-2020,32,h265,4845.0,mid,5.758533571527414
x265-ref,offline,road-timelapse-2020,37,h265,2477.0,mid,4.89351354217747
x265-ref,offline,road-timelapse-2020,42,h265,1190.0,mid,3.167018700507959
rav1e,offline,basketball-2021,70,av1,5474.0,mid,7.108576980289207
rav1e,offline,basketball-2021,153,av1,570.0,low,6.232465433811651
rav1e,offline,basketball-2021,190,av1,248.0,low,4.872103594579444
rav1e,offline,chili-pepper-2021,145,av1,4799.0,mid,3.623223557349693
rav1e,offline,chili-pepper-2021,175,av1,2708.0,mid,3.208037130027376
rav1e,offline,chili-pepper-2021,213,av1,1213.0,mid,1.9664261172325512
rav1e,offline,christmas-cats-2021,145,av1,13150.0,high,3.7654574918789097
rav1e,offline,christmas-cats-2021,175,av1,4724.0,mid,3.440521199043771
rav1e,offline,christmas-cats-2021,213,av1,1185.0,mid,1.397609238409658
rav1e,offline,cockatoo-2021,40,av1,2344.0,mid,6.009218330163225
rav1e,offline,cockatoo-2021,130,av1,371.0,low,5.376708804693931
rav1e,offline,cockatoo-2021,189,av1,124.0,low,3.676711229898215
rav1e,offline,crowd-run-2021,190,av1,5184.0,mid,6.439637552887083
rav1e,offline,crowd-run-2021,220,av1,2325.0,mid,4.0857861422074
rav1e,offline,crowd-run-2021,243,av1,1270.0,mid,1.9703363195849564
rav1e,offline,diy-mixer-2021,47,av1,16243.0,high,5.210710886984799
rav1e,offline,diy-mixer-2021,145,av1,1251.0,mid,4.7919040711957255
rav1e,offline,diy-mixer-2021,205,av1,360.0,low,3.187735401989845
rav1e,offline,grain-2021,137,av1,14383.0,high,2.740095525571536
rav1e,offline,grain-2021,160,av1,5786.0,mid,2.4918121980749848
rav1e,offline,grain-2021,190,av1,1316.0,mid,1.7742767262990606
rav1e,offline,lemonade-ads-2021,40,av1,9350.0,high,6.013718761167393
rav1e,offline,lemonade-ads-2021,145,av1,957.0,low,5.29180389601986
rav1e,offline,lemonade-ads-2021,197,av1,404.0,low,3.294766602226193
rav1e,offline,mordor-gameplay-2021,153,av1,13917.0,high,6.264452209960622
rav1e,offline,mordor-gameplay-2021,183,av1,4701.0,mid,5.244764720632579
rav1e,offline,mordor-gameplay-2021,220,av1,1292.0,mid,2.9139340563605654
rav1e,offline,nfl-2021,70,av1,8292.0,high,5.315158686690567
rav1e,offline,nfl-2021,130,av1,2577.0,mid,5.26908875620102
rav1e,offline,nfl-2021,213,av1,579.0,low,2.3142225156502008
rav1e,offline,shakerwalk-2021,115,av1,10345.0,high,4.365020568805192
rav1e,offline,shakerwalk-2021,167,av1,2614.0,mid,3.9193742787601495
rav1e,offline,shakerwalk-2021,220,av1,596.0,low,2.545863390698895
rav1e,offline,street-report-2021,93,av1,5196.0,mid,5.912342427987221
rav1e,offline,street-report-2021,160,av1,1277.0,mid,5.068857447723887
rav1e,offline,street-report-2021,197,av1,650.0,low,3.4187135206162904
rav1e,offline,support-clip-2021,33,av1,7217.0,high,6.226661329632908
rav1e,offline,support-clip-2021,145,av1,390.0,low,5.922593660093697
rav1e,offline,support-clip-2021,175,av1,209.0,low,5.055135789951659
rav1e,offline,tractor-2021,107,av1,7457.0,high,4.729800165926879
rav1e,offline,tractor-2021,153,av1,2681.0,mid,4.10073592008369
rav1e,offline,tractor-2021,197,av1,1008.0,mid,2.6273633467246027
svt-hevc,fast,basketball-2021,100,h265,144.0,low,1.6324038255842035
svt-hevc,fast,basketball-2021,500,h265,659.0,low,4.648757002568674
svt-hevc,fast,basketball-2021,4000,h265,4879.0,mid,6.636472168999059
svt-hevc,fast,chili-pepper-2021,1000,h265,1236.0,mid,2.2717412005918183
svt-hevc,fast,chili-pepper-2021,2000,h265,2476.0,mid,3.281407296193838
svt-hevc,fast,chili-pepper-2021,4000,h265,4974.0,mid,4.022108776488557
svt-hevc,fast,christmas-cats-2021,1000,h265,1319.0,mid,2.6950617932763
svt-hevc,fast,christmas-cats-2021,4000,h265,5368.0,mid,3.767993763794138
svt-hevc,fast,christmas-cats-2021,12000,h265,16927.0,high,4.137091809782614
svt-hevc,fast,cockatoo-2021,100,h265,129.0,low,2.962323446454798
svt-hevc,fast,cockatoo-2021,300,h265,349.0,low,5.058380276623845
svt-hevc,fast,cockatoo-2021,2000,h265,2331.0,mid,6.061060258413255
svt-hevc,fast,crowd-run-2021,1000,h265,1411.0,mid,2.22433250142427
svt-hevc,fast,crowd-run-2021,2000,h265,2526.0,mid,4.261136464179378
svt-hevc,fast,crowd-run-2021,4000,h265,5031.0,mid,6.484984763156467
svt-hevc,fast,diy-mixer-2021,300,h265,406.0,low,2.218322085015606
svt-hevc,fast,diy-mixer-2021,1000,h265,1264.0,mid,4.653784518988821
svt-hevc,fast,diy-mixer-2021,12000,h265,15019.0,high,4.841586468443233
svt-hevc,fast,grain-2021,1000,h265,1660.0,mid,2.36177999728226
svt-hevc,fast,grain-2021,4000,h265,7084.0,high,2.954168690679958
svt-hevc,fast,grain-2021,12000,h265,19577.0,high,3.3295003720673204
svt-hevc,fast,lemonade-ads-2021,300,h265,363.0,low,1.748565700099414
svt-hevc,fast,lemonade-ads-2021,800,h265,953.0,low,5.23435088118652
svt-hevc,fast,lemonade-ads-2021,8000,h265,9693.0,high,6.250111536761747
svt-hevc,fast,mordor-gameplay-2021,1000,h265,1255.0,mid,2.533972708387757
svt-hevc,fast,mordor-gameplay-2021,4000,h265,5067.0,mid,4.592363208217681
svt-hevc,fast,mordor-gameplay-2021,12000,h265,15359.0,high,6.439946050024563
svt-hevc,fast,nfl-2021,500,h265,680.0,low,3.053233301671111
svt-hevc,fast,nfl-2021,2000,h265,2539.0,mid,5.20962394490256
svt-hevc,fast,nfl-2021,8000,h265,10023.0,high,5.797370786109402
svt-hevc,fast,shakerwalk-2021,500,h265,649.0,low,3.612966588841444
svt-hevc,fast,shakerwalk-2021,2000,h265,2567.0,mid,4.725847088617498
svt-hevc,fast,shakerwalk-2021,8000,h265,9974.0,high,5.204930141361404
svt-hevc,fast,street-report-2021,500,h265,644.0,low,2.238314725421967
svt-hevc,fast,street-report-2021,1000,h265,1251.0,mid,4.132187447297663
svt-hevc,fast,street-report-2021,4000,h265,4919.0,mid,5.429915078535692
svt-hevc,fast,support-clip-2021,100,h265,140.0,low,3.542293110579829
svt-hevc,fast,support-clip-2021,300,h265,379.0,low,6.453555557360798
svt-hevc,fast,support-clip-2021,6000,h265,6933.0,high,7.262912946277556
svt-hevc,fast,tractor-2021,800,h265,1028.0,mid,2.798744643458406
svt-hevc,fast,tractor-2021,2000,h265,2567.0,mid,4.218506031929901
svt-hevc,fast,tractor-2021,6000,h265,7471.0,high,4.733857335804243
svt-hevc,offline,basketball-2021,100,h265,140.0,low,1.8708639803089104
svt-hevc,offline,basketball-2021,500,h265,677.0,low,5.204605673374167
svt-hevc,offline,basketball-2021,4000,h265,4927.0,mid,6.7946504746617205
svt-hevc,offline,chili-pepper-2021,1000,h265,1235.0,mid,1.799383945648899
svt-hevc,offline,chili-pepper-2021,2000,h265,2491.0,mid,2.8056239173602915
svt-hevc,offline,chili-pepper-2021,4000,h265,5015.0,mid,3.5122911481724906
svt-hevc,offline,christmas-cats-2021,1000,h265,1336.0,mid,2.128757644395576
svt-hevc,offline,christmas-cats-2021,4000,h265,5598.0,mid,3.28673801379604
svt-hevc,offline,christmas-cats-2021,12000,h265,17145.0,high,3.6412545859304375
svt-hevc,offline,cockatoo-2021,100,h265,131.0,low,2.563850016935379
svt-hevc,offline,cockatoo-2021,300,h265,358.0,low,5.079876874045142
svt-hevc,offline,cockatoo-2021,2000,h265,2288.0,mid,5.79684362085386
svt-hevc,offline,crowd-run-2021,1000,h265,1446.0,mid,2.248351642230896
svt-hevc,offline,crowd-run-2021,2000,h265,2533.0,mid,4.404639953866636
svt-hevc,offline,crowd-run-2021,4000,h265,5045.0,mid,6.262608445138487
svt-hevc,offline,diy-mixer-2021,300,h265,409.0,low,2.573257138459025
svt-hevc,offline,diy-mixer-2021,1000,h265,1254.0,mid,4.923320300302345
svt-hevc,offline,diy-mixer-2021,12000,h265,15000.0,high,5.199794748712577
svt-hevc,offline,grain-2021,1000,h265,1527.0,mid,1.9472445627833368
svt-hevc,offline,grain-2021,4000,h265,6238.0,high,2.919076775776766
svt-hevc,offline,grain-2021,12000,h265,18745.0,high,3.0773596983915072
svt-hevc,offline,lemonade-ads-2021,300,h265,376.0,low,2.6800475514527893
svt-hevc,offline,lemonade-ads-2021,800,h265,969.0,low,5.019061451184033
svt-hevc,offline,lemonade-ads-2021,8000,h265,10412.0,high,5.785131551653819
svt-hevc,offline,mordor-gameplay-2021,1000,h265,1272.0,mid,2.587753315967097
svt-hevc,offline,mordor-gameplay-2021,4000,h265,5099.0,mid,4.696235656934759
svt-hevc,offline,mordor-gameplay-2021,12000,h265,15307.0,high,6.208640171048624
svt-hevc,offline,nfl-2021,500,h265,670.0,low,3.044898036074626
svt-hevc,offline,nfl-2021,2000,h265,2503.0,mid,5.337773566511543
svt-hevc,offline,nfl-2021,8000,h265,10008.0,high,5.391645294633508
svt-hevc,offline,shakerwalk-2021,500,h265,655.0,low,2.774223739107456
svt-hevc,offline,shakerwalk-2021,2000,h265,2530.0,mid,3.975914652133633
svt-hevc,offline,shakerwalk-2021,8000,h265,10136.0,high,4.363627853884872
svt-hevc,offline,street-report-2021,500,h265,646.0,low,2.681639528939341
svt-hevc,offline,street-report-2021,1000,h265,1253.0,mid,4.457683077649877
svt-hevc,offline,street-report-2021,4000,h265,4930.0,mid,4.907614494661857
svt-hevc,offline,support-clip-2021,100,h265,134.0,low,2.683262020639101
svt-hevc,offline,support-clip-2021,300,h265,396.0,low,5.823526294837831
svt-hevc,offline,support-clip-2021,6000,h265,6876.0,high,6.411629949583314
svt-hevc,offline,tractor-2021,800,h265,1052.0,mid,2.508783843206851
svt-hevc,offline,tractor-2021,2000,h265,2558.0,mid,3.92223641488748
svt-hevc,offline,tractor-2021,6000,h265,7471.0,high,4.645952743702715
svt-vp9,fast,basketball-2021,100,vp9,453.0,low,2.8040937108421016
svt-vp9,fast,basketball-2021,500,vp9,629.0,low,3.863845269646632
svt-vp9,fast,basketball-2021,4000,vp9,4685.0,mid,6.299187073949112
svt-vp9,fast,chili-pepper-2021,1000,vp9,1361.0,mid,2.046664932500523
svt-vp9,fast,chili-pepper-2021,2000,vp9,2444.0,mid,2.8737235717715057
svt-vp9,fast,chili-pepper-2021,4000,vp9,4851.0,mid,3.843140218560386
svt-vp9,fast,christmas-cats-2021,1000,vp9,2139.0,mid,2.347718169811748
svt-vp9,fast,christmas-cats-2021,4000,vp9,5011.0,mid,3.357715104782114
svt-vp9,fast,christmas-cats-2021,12000,vp9,15017.0,high,4.1679161677739645
svt-vp9,fast,cockatoo-2021,100,vp9,187.0,low,2.308017960684901
svt-vp9,fast,cockatoo-2021,300,vp9,346.0,low,4.228993959914513
svt-vp9,fast,cockatoo-2021,2000,vp9,2148.0,mid,6.369768757705244
svt-vp9,fast,crowd-run-2021,1000,vp9,4060.0,mid,4.725139076954244
svt-vp9,fast,crowd-run-2021,2000,vp9,4070.0,mid,4.937395824662474
svt-vp9,fast,crowd-run-2021,4000,vp9,5045.0,mid,5.465728124279461
svt-vp9,fast,diy-mixer-2021,300,vp9,532.0,low,2.0285385249635763
svt-vp9,fast,diy-mixer-2021,1000,vp9,1121.0,mid,3.522714245460125
svt-vp9,fast,diy-mixer-2021,12000,vp9,14639.0,high,4.872029793772923
svt-vp9,fast,grain-2021,1000,vp9,1195.0,mid,1.5960850714075236
svt-vp9,fast,grain-2021,4000,vp9,4942.0,mid,2.450611640926557
svt-vp9,fast,grain-2021,12000,vp9,15249.0,high,2.9172281994099967
svt-vp9,fast,lemonade-ads-2021,300,vp9,476.0,low,1.941201059956275
svt-vp9,fast,lemonade-ads-2021,800,vp9,900.0,low,4.1449950999442695
svt-vp9,fast,lemonade-ads-2021,8000,vp9,8625.0,high,6.308555372393251
svt-vp9,fast,mordor-gameplay-2021,1000,vp9,2322.0,mid,3.0559590075310807
svt-vp9,fast,mordor-gameplay-2021,4000,vp9,5006.0,mid,4.308475806721928
svt-vp9,fast,mordor-gameplay-2021,12000,vp9,14906.0,high,6.269302451618295
svt-vp9,fast,nfl-2021,500,vp9,808.0,low,2.279408679488242
svt-vp9,fast,nfl-2021,2000,vp9,2506.0,mid,5.132712658040685
svt-vp9,fast,nfl-2021,8000,vp9,10026.0,high,5.455744244868473
svt-vp9,fast,shakerwalk-2021,500,vp9,974.0,low,3.6832672729163214
svt-vp9,fast,shakerwalk-2021,2000,vp9,2493.0,mid,4.53841314707824
svt-vp9,fast,shakerwalk-2021,8000,vp9,10050.0,high,5.121842211418444
svt-vp9,fast,street-report-2021,500,vp9,794.0,low,1.4817417200207714
svt-vp9,fast,street-report-2021,1000,vp9,1271.0,mid,3.1268398622043474
svt-vp9,fast,street-report-2021,4000,vp9,4908.0,mid,5.371390936987757
svt-vp9,fast,support-clip-2021,100,vp9,233.0,low,3.564577580000034
svt-vp9,fast,support-clip-2021,300,vp9,373.0,low,4.941421054483072
svt-vp9,fast,support-clip-2021,6000,vp9,5199.0,mid,7.45346438168959
svt-vp9,fast,tractor-2021,800,vp9,1138.0,mid,2.0035315442415467
svt-vp9,fast,tractor-2021,2000,vp9,2479.0,mid,3.429201575987742
svt-vp9,fast,tractor-2021,6000,vp9,7398.0,high,4.8877195894843295
svt-vp9,offline,basketball-2021,100,vp9,452.0,low,3.292507186262154
svt-vp9,offline,basketball-2021,500,vp9,627.0,low,4.2889742344451065
svt-vp9,offline,basketball-2021,4000,vp9,4744.0,mid,6.6977936200677615
svt-vp9,offline,chili-pepper-2021,1000,vp9,1343.0,mid,1.6949903534644184
svt-vp9,offline,chili-pepper-2021,2000,vp9,2426.0,mid,2.5722406031467235
svt-vp9,offline,chili-pepper-2021,4000,vp9,4775.0,mid,3.3429929503747173
svt-vp9,offline,christmas-cats-2021,1000,vp9,2142.0,mid,2.109945430525342
svt-vp9,offline,christmas-cats-2021,4000,vp9,5012.0,mid,2.9992066606951857
svt-vp9,offline,christmas-cats-2021,12000,vp9,15119.0,high,3.4732265588535576
svt-vp9,offline,cockatoo-2021,100,vp9,184.0,low,2.107168719186044
svt-vp9,offline,cockatoo-2021,300,vp9,341.0,low,3.5220470983677394
svt-vp9,offline,cockatoo-2021,2000,vp9,2072.0,mid,5.777738396105965
svt-vp9,offline,crowd-run-2021,1000,vp9,4099.0,mid,4.751755047982006
svt-vp9,offline,crowd-run-2021,2000,vp9,4107.0,mid,4.721706749129731
svt-vp9,offline,crowd-run-2021,4000,vp9,5048.0,mid,5.520865560817574
svt-vp9,offline,diy-mixer-2021,300,vp9,516.0,low,2.624215814861364
svt-vp9,offline,diy-mixer-2021,1000,vp9,1100.0,mid,4.016805723985759
svt-vp9,offline,diy-mixer-2021,12000,vp9,14200.0,high,5.092919391371455
svt-vp9,offline,grain-2021,1000,vp9,1198.0,mid,1.3047844892176392
svt-vp9,offline,grain-2021,4000,vp9,4731.0,mid,2.2849970740089067
svt-vp9,offline,grain-2021,12000,vp9,15120.0,high,2.7283933370933173
svt-vp9,offline,lemonade-ads-2021,300,vp9,456.0,low,1.962308420993468
svt-vp9,offline,lemonade-ads-2021,800,vp9,907.0,low,4.012843056937153
svt-vp9,offline,lemonade-ads-2021,8000,vp9,8628.0,high,5.782420189105209
svt-vp9,offline,mordor-gameplay-2021,1000,vp9,2332.0,mid,2.744984634905112
svt-vp9,offline,mordor-gameplay-2021,4000,vp9,4885.0,mid,4.286039246725651
svt-vp9,offline,mordor-gameplay-2021,12000,vp9,14798.0,high,5.922787939870336
svt-vp9,offline,nfl-2021,500,vp9,788.0,low,1.982738972375587
svt-vp9,offline,nfl-2021,2000,vp9,2524.0,mid,4.956376283267373
svt-vp9,offline,nfl-2021,8000,vp9,9946.0,high,5.28337539486891
svt-vp9,offline,shakerwalk-2021,500,vp9,996.0,low,3.006649716844992
svt-vp9,offline,shakerwalk-2021,2000,vp9,2508.0,mid,3.830363608986801
svt-vp9,offline,shakerwalk-2021,8000,vp9,9976.0,high,4.307397183565136
svt-vp9,offline,street-report-2021,500,vp9,788.0,low,2.0061175885590297
svt-vp9,offline,street-report-2021,1000,vp9,1273.0,mid,3.642854787783844
svt-vp9,offline,street-report-2021,4000,vp9,4919.0,mid,5.660071204760486
svt-vp9,offline,support-clip-2021,100,vp9,229.0,low,2.4540363979704427
svt-vp9,offline,support-clip-2021,300,vp9,367.0,low,3.968629040193801
svt-vp9,offline,support-clip-2021,6000,vp9,4893.0,mid,6.237560258249687
svt-vp9,offline,tractor-2021,800,vp9,1127.0,mid,1.956878009784071
svt-vp9,offline,tractor-2021,2000,vp9,2464.0,mid,3.3067210087530623
svt-vp9,offline,tractor-2021,6000,vp9,7358.0,high,4.469963410659223
vvenc,offline,basketball-2021,100,vvc,126.0,low,1.354137801026023
vvenc,offline,basketball-2021,500,vvc,623.0,low,5.308051819874224
vvenc,offline,basketball-2021,4000,vvc,4745.0,mid,6.99594721731369
vvenc,offline,chili-pepper-2021,1000,vvc,1258.0,mid,2.4959285024061524
vvenc,offline,chili-pepper-2021,2000,vvc,2461.0,mid,3.2142444210455063
vvenc,offline,chili-pepper-2021,4000,vvc,4874.0,mid,3.666234602823191
vvenc,offline,christmas-cats-2021,1000,vvc,1259.0,mid,2.7413109044944
vvenc,offline,christmas-cats-2021,4000,vvc,4869.0,mid,3.893058350125999
vvenc,offline,christmas-cats-2021,12000,vvc,14942.0,high,3.8127128641294608
vvenc,offline,cockatoo-2021,100,vvc,126.0,low,4.260032331214989
vvenc,offline,cockatoo-2021,300,vvc,373.0,low,5.614796495320503
vvenc,offline,cockatoo-2021,2000,vvc,1949.0,mid,5.883490064603488
vvenc,offline,crowd-run-2021,1000,vvc,1212.0,mid,3.0070894130942687
vvenc,offline,crowd-run-2021,2000,vvc,2437.0,mid,5.432876963178137
vvenc,offline,crowd-run-2021,4000,vvc,4899.0,mid,7.236462791804812
vvenc,offline,diy-mixer-2021,300,vvc,377.0,low,4.599651345306024
vvenc,offline,diy-mixer-2021,1000,vvc,1242.0,mid,5.0865420968826704
vvenc,offline,diy-mixer-2021,12000,vvc,14296.0,high,5.215443161902343
vvenc,offline,grain-2021,1000,vvc,1318.0,mid,2.975324434377524
vvenc,offline,grain-2021,4000,vvc,5441.0,mid,3.142465636431138
vvenc,offline,grain-2021,12000,vvc,16055.0,high,2.983895771220789
vvenc,offline,lemonade-ads-2021,300,vvc,370.0,low,4.343040391839335
vvenc,offline,lemonade-ads-2021,800,vvc,963.0,low,5.376247233390736
vvenc,offline,lemonade-ads-2021,8000,vvc,6777.0,high,5.929947790956757
vvenc,offline,mordor-gameplay-2021,1000,vvc,1235.0,mid,2.745193342507197
vvenc,offline,mordor-gameplay-2021,4000,vvc,4938.0,mid,6.149425013928753
vvenc,offline,mordor-gameplay-2021,12000,vvc,14902.0,high,6.669190175582879
vvenc,offline,nfl-2021,500,vvc,626.0,low,4.491105534642219
vvenc,offline,nfl-2021,2000,vvc,2461.0,mid,5.363135613864862
vvenc,offline,nfl-2021,8000,vvc,9431.0,high,5.116441838442767
vvenc,offline,shakerwalk-2021,500,vvc,622.0,low,3.353502021418426
vvenc,offline,shakerwalk-2021,2000,vvc,2532.0,mid,4.0361387366053805
vvenc,offline,shakerwalk-2021,8000,vvc,9941.0,high,4.461217866195708
vvenc,offline,street-report-2021,500,vvc,625.0,low,4.448233252948209
vvenc,offline,street-report-2021,1000,vvc,1239.0,mid,5.447670326310455
vvenc,offline,street-report-2021,4000,vvc,4938.0,mid,5.980967710309709
vvenc,offline,support-clip-2021,100,vvc,131.0,low,4.162364446547142
vvenc,offline,support-clip-2021,300,vvc,371.0,low,6.297824654040286
vvenc,offline,support-clip-2021,6000,vvc,5684.0,mid,6.431761042614796
vvenc,offline,tractor-2021,800,vvc,987.0,low,3.4265890472981706
vvenc,offline,tractor-2021,2000,vvc,2442.0,mid,4.312839740409224
vvenc,offline,tractor-2021,6000,vvc,7380.0,high,4.706115020745372
x264,fast,basketball-2021,100,h264,90.0,low,0.0
x264,fast,basketball-2021,500,h264,468.0,low,3.539356997406821
x264,fast,basketball-2021,4000,h264,4278.0,mid,6.2577440257544525
x264,fast,chili-pepper-2021,1000,h264,944.0,low,0.0
x264,fast,chili-pepper-2021,2000,h264,1897.0,mid,1.224071307288363
x264,fast,chili-pepper-2021,4000,h264,3777.0,mid,3.114225335158683
x264,fast,christmas-cats-2021,1000,h264,1338.0,mid,1.2980380598318293
x264,fast,christmas-cats-2021,4000,h264,6373.0,high,1.4774726081685932
x264,fast,christmas-cats-2021,12000,h264,22837.0,high,3.070404597827098
x264,fast,cockatoo-2021,100,h264,110.0,low,0.0
x264,fast,cockatoo-2021,300,h264,353.0,low,3.239536639808695
x264,fast,cockatoo-2021,2000,h264,2532.0,mid,6.304518784046678
x264,fast,crowd-run-2021,1000,h264,1268.0,mid,0.8604701809432629
x264,fast,crowd-run-2021,2000,h264,2489.0,mid,2.992545411920576
x264,fast,crowd-run-2021,4000,h264,4967.0,mid,5.760002500734355
x264,fast,diy-mixer-2021,300,h264,407.0,low,0.0
x264,fast,diy-mixer-2021,1000,h264,1299.0,mid,3.194237444351137
x264,fast,diy-mixer-2021,12000,h264,14914.0,high,4.826534587282465
x264,fast,grain-2021,1000,h264,1377.0,mid,0.0
x264,fast,grain-2021,4000,h264,6061.0,high,0.772989982267675
x264,fast,grain-2021,12000,h264,19405.0,high,2.437452314487473
x264,fast,lemonade-ads-2021,300,h264,415.0,low,0.3034419687379776
x264,fast,lemonade-ads-2021,800,h264,1064.0,mid,3.224731857881754
x264,fast,lemonade-ads-2021,8000,h264,11767.0,high,5.949780998967631
x264,fast,mordor-gameplay-2021,1000,h264,1089.0,mid,0.0
x264,fast,mordor-gameplay-2021,4000,h264,4932.0,mid,3.8043473461897896
x264,fast,mordor-gameplay-2021,12000,h264,16065.0,high,5.878431619741244
x264,fast,nfl-2021,500,h264,637.0,low,0.5255885235405451
x264,fast,nfl-2021,2000,h264,2497.0,mid,4.425450877241775
x264,fast,nfl-2021,8000,h264,10126.0,high,5.487850020651541
x264,fast,shakerwalk-2021,500,h264,614.0,low,0.0
x264,fast,shakerwalk-2021,2000,h264,2390.0,mid,4.194849461205874
x264,fast,shakerwalk-2021,8000,h264,10784.0,high,5.11064370296291
x264,fast,street-report-2021,500,h264,637.0,low,0.0238686004871881
x264,fast,street-report-2021,1000,h264,1283.0,mid,2.007479571152016
x264,fast,street-report-2021,4000,h264,5224.0,mid,5.453820502681118
x264,fast,support-clip-2021,100,h264,82.0,low,0.9438136750477684
x264,fast,support-clip-2021,300,h264,258.0,low,3.0346588671446604
x264,fast,support-clip-2021,6000,h264,6058.0,high,7.425996618920188
x264,fast,tractor-2021,800,h264,981.0,low,0.0
x264,fast,tractor-2021,2000,h264,2458.0,mid,3.668258456443685
x264,fast,tractor-2021,6000,h264,7379.0,high,4.645456445039761
x264,offline,basketball-2021,100,h264,96.0,low,0.0
x264,offline,basketball-2021,500,h264,469.0,low,4.106734039031366
x264,offline,basketball-2021,4000,h264,4339.0,mid,6.989445089014401
x264,offline,chili-pepper-2021,1000,h264,897.0,low,0.0
x264,offline,chili-pepper-2021,2000,h264,1744.0,mid,1.2639051690327348
x264,offline,chili-pepper-2021,4000,h264,3420.0,mid,2.588513063776378
x264,offline,christmas-cats-2021,1000,h264,1331.0,mid,0.5329195467018821
x264,offline,christmas-cats-2021,4000,h264,6139.0,high,0.9411494501609904
x264,offline,christmas-cats-2021,12000,h264,20879.0,high,2.3326826712562294
x264,offline,cockatoo-2021,100,h264,113.0,low,0.1171382093149882
x264,offline,cockatoo-2021,300,h264,347.0,low,2.7870681405461912
x264,offline,cockatoo-2021,2000,h264,2557.0,mid,5.72089479433686
x264,offline,crowd-run-2021,1000,h264,1266.0,mid,0.4110521683185428
x264,offline,crowd-run-2021,2000,h264,2489.0,mid,2.3703010900077444
x264,offline,crowd-run-2021,4000,h264,4962.0,mid,5.065888175088777
x264,offline,diy-mixer-2021,300,h264,403.0,low,0.5308487285522441
x264,offline,diy-mixer-2021,1000,h264,1281.0,mid,3.8532790916845374
x264,offline,diy-mixer-2021,12000,h264,14986.0,high,5.172756060212226
x264,offline,grain-2021,1000,h264,1481.0,mid,0.0
x264,offline,grain-2021,4000,h264,5779.0,mid,0.4739581963777186
x264,offline,grain-2021,12000,h264,18356.0,high,1.9018592397500096
x264,offline,lemonade-ads-2021,300,h264,423.0,low,0.0
x264,offline,lemonade-ads-2021,800,h264,1069.0,mid,3.2194170835354625
x264,offline,lemonade-ads-2021,8000,h264,11837.0,high,5.6892294740327936
x264,offline,mordor-gameplay-2021,1000,h264,1082.0,mid,0.0
x264,offline,mordor-gameplay-2021,4000,h264,4923.0,mid,3.5301657099780064
x264,offline,mordor-gameplay-2021,12000,h264,16054.0,high,5.534899388446649
x264,offline,nfl-2021,500,h264,645.0,low,0.0
x264,offline,nfl-2021,2000,h264,2497.0,mid,4.484391858846324
x264,offline,nfl-2021,8000,h264,10129.0,high,5.251328203070286
x264,offline,shakerwalk-2021,500,h264,614.0,low,0.0009995440002441
x264,offline,shakerwalk-2021,2000,h264,2411.0,mid,3.39330637824509
x264,offline,shakerwalk-2021,8000,h264,10706.0,high,4.150426460840626
x264,offline,street-report-2021,500,h264,614.0,low,0.2176551560490645
x264,offline,street-report-2021,1000,h264,1255.0,mid,2.6356542611117413
x264,offline,street-report-2021,4000,h264,5153.0,mid,5.745026666282944
x264,offline,support-clip-2021,100,h264,97.0,low,0.0
x264,offline,support-clip-2021,300,h264,258.0,low,2.066636306318788
x264,offline,support-clip-2021,6000,h264,6140.0,high,6.412578180000425
x264,offline,tractor-2021,800,h264,971.0,low,0.0
x264,offline,tractor-2021,2000,h264,2376.0,mid,2.9524208583829656
x264,offline,tractor-2021,6000,h264,7199.0,high,4.371635195227407
x265-mw,fast,basketball-2021,100,h265,138.0,low,0.161762054505318
x265-mw,fast,basketball-2021,500,h265,514.0,low,5.0558084881483385
x265-mw,fast,basketball-2021,4000,h265,4560.0,mid,6.410565055609645
x265-mw,fast,chili-pepper-2021,1000,h265,1075.0,mid,1.619850888511147
x265-mw,fast,chili-pepper-2021,2000,h265,2088.0,mid,2.917866702862989
x265-mw,fast,chili-pepper-2021,4000,h265,4100.0,mid,3.878554427855195
x265-mw,fast,christmas-cats-2021,1000,h265,1535.0,mid,2.6898853411088224
x265-mw,fast,christmas-cats-2021,4000,h265,5721.0,mid,4.108241870421777
x265-mw,fast,christmas-cats-2021,12000,h265,16352.0,high,4.761622178721704
x265-mw,fast,cockatoo-2021,100,h265,125.0,low,3.406720002001656
x265-mw,fast,cockatoo-2021,300,h265,392.0,low,5.535952401641124
x265-mw,fast,cockatoo-2021,2000,h265,2723.0,mid,6.101009899135139
x265-mw,fast,crowd-run-2021,1000,h265,1176.0,mid,1.0409734386112044
x265-mw,fast,crowd-run-2021,2000,h265,2446.0,mid,3.758087055048015
x265-mw,fast,crowd-run-2021,4000,h265,4910.0,mid,6.0089161860098255
x265-mw,fast,diy-mixer-2021,300,h265,386.0,low,2.5138990003116084
x265-mw,fast,diy-mixer-2021,1000,h265,1259.0,mid,4.4734360445421615
x265-mw,fast,diy-mixer-2021,12000,h265,15741.0,high,4.96090298783767
x265-mw,fast,grain-2021,1000,h265,1400.0,mid,2.0456725114993386
x265-mw,fast,grain-2021,4000,h265,5248.0,mid,3.028794053548509
x265-mw,fast,grain-2021,12000,h265,14556.0,high,2.9146770153264665
x265-mw,fast,lemonade-ads-2021,300,h265,416.0,low,2.665926436318851
x265-mw,fast,lemonade-ads-2021,800,h265,1070.0,mid,5.466934953543829
x265-mw,fast,lemonade-ads-2021,8000,h265,11561.0,high,6.269635658116249
x265-mw,fast,mordor-gameplay-2021,1000,h265,1134.0,mid,1.935798247797696
x265-mw,fast,mordor-gameplay-2021,4000,h265,5006.0,mid,5.190361161532593
x265-mw,fast,mordor-gameplay-2021,12000,h265,15717.0,high,6.526074313859275
x265-mw,fast,nfl-2021,500,h265,636.0,low,2.346668266722824
x265-mw,fast,nfl-2021,2000,h265,2614.0,mid,5.656988702931722
x265-mw,fast,nfl-2021,8000,h265,10349.0,high,5.625904117308664
x265-mw,fast,shakerwalk-2021,500,h265,584.0,low,2.6327393182464944
x265-mw,fast,shakerwalk-2021,2000,h265,2491.0,mid,4.720106315075492
x265-mw,fast,shakerwalk-2021,8000,h265,10318.0,high,5.1206562511676985
x265-mw,fast,street-report-2021,500,h265,655.0,low,1.993425861657764
x265-mw,fast,street-report-2021,1000,h265,1350.0,mid,4.385791931471098
x265-mw,fast,street-report-2021,4000,h265,5317.0,mid,5.874896392611771
x265-mw,fast,support-clip-2021,100,h265,104.0,low,1.6530686941187982
x265-mw,fast,support-clip-2021,300,h265,280.0,low,5.569763505662082
x265-mw,fast,support-clip-2021,6000,h265,6127.0,high,7.193095695624686
x265-mw,fast,tractor-2021,800,h265,941.0,low,2.165603336075717
x265-mw,fast,tractor-2021,2000,h265,2366.0,mid,4.074145508139073
x265-mw,fast,tractor-2021,6000,h265,7034.0,high,4.770720619997411
x265-mw,offline,basketball-2021,23,h265,5145.0,mid,6.902157658715698
x265-mw,offline,basketball-2021,32,h265,703.0,low,6.443317557265172
x265-mw,offline,basketball-2021,38,h265,260.0,low,5.051618377900709
x265-mw,offline,chili-pepper-2021,26,h265,5383.0,mid,3.700293749047756
x265-mw,offline,chili-pepper-2021,32,h265,2560.0,mid,3.030055748762228
x265-mw,offline,chili-pepper-2021,38,h265,1141.0,mid,1.7252316165690296
x265-mw,offline,christmas-cats-2021,28,h265,15220.0,high,3.9027478454340594
x265-mw,offline,christmas-cats-2021,34,h265,5132.0,mid,3.694547454213814
x265-mw,offline,christmas-cats-2021,40,h265,910.0,low,1.7797250002715024
x265-mw,offline,cockatoo-2021,16,h265,2344.0,mid,5.888893815736808
x265-mw,offline,cockatoo-2021,28,h265,411.0,low,5.516929303202181
x265-mw,offline,cockatoo-2021,38,h265,123.0,low,3.6008649585999093
x265-mw,offline,crowd-run-2021,36,h265,4804.0,mid,6.200501538259105
x265-mw,offline,crowd-run-2021,40,h265,2313.0,mid,3.727152284593076
x265-mw,offline,crowd-run-2021,44,h265,1094.0,mid,1.542305460676872
x265-mw,offline,diy-mixer-2021,16,h265,14962.0,high,5.170404307803194
x265-mw,offline,diy-mixer-2021,30,h265,1136.0,mid,4.93839333871706
x265-mw,offline,diy-mixer-2021,38,h265,402.0,low,3.651352819241525
x265-mw,offline,grain-2021,16,h265,14989.0,high,2.872802570898957
x265-mw,offline,grain-2021,30,h265,5486.0,mid,2.7749045917299706
x265-mw,offline,grain-2021,34,h265,1494.0,mid,2.674529312840383
x265-mw,offline,lemonade-ads-2021,15,h265,10252.0,high,5.849077871983356
x265-mw,offline,lemonade-ads-2021,30,h265,1039.0,mid,5.205734217030269
x265-mw,offline,lemonade-ads-2021,40,h265,371.0,low,2.621878061089409
x265-mw,offline,mordor-gameplay-2021,28,h265,15508.0,high,6.298505232172848
x265-mw,offline,mordor-gameplay-2021,34,h265,5067.0,mid,5.484163477014286
x265-mw,offline,mordor-gameplay-2021,40,h265,1050.0,mid,2.727689796336348
x265-mw,offline,nfl-2021,19,h265,9521.0,high,5.129369333759411
x265-mw,offline,nfl-2021,28,h265,2502.0,mid,5.271236343691526
x265-mw,offline,nfl-2021,40,h265,644.0,low,2.9134909452622897
x265-mw,offline,shakerwalk-2021,26,h265,9743.0,high,4.389714362090607
x265-mw,offline,shakerwalk-2021,34,h265,2057.0,mid,3.915855650647479
x265-mw,offline,shakerwalk-2021,40,h265,684.0,low,3.005625399565285
x265-mw,offline,street-report-2021,21,h265,4835.0,mid,5.890844620704869
x265-mw,offline,street-report-2021,30,h265,1341.0,mid,4.964237861343833
x265-mw,offline,street-report-2021,36,h265,653.0,low,3.355147246332061
x265-mw,offline,support-clip-2021,15,h265,6912.0,high,6.379346925036425
x265-mw,offline,support-clip-2021,30,h265,381.0,low,6.1667818175709845
x265-mw,offline,support-clip-2021,40,h265,123.0,low,2.853843620591933
x265-mw,offline,tractor-2021,25,h265,6937.0,high,4.63096381737909
x265-mw,offline,tractor-2021,32,h265,2351.0,mid,4.039892121506352
x265-mw,offline,tractor-2021,38,h265,989.0,low,2.771407841579529
x265-ref,fast,basketball-2021,100,h265,138.0,low,0.0650918925338013
x265-ref,fast,basketball-2021,500,h265,514.0,low,4.842620619568633
x265-ref,fast,basketball-2021,4000,h265,4560.0,mid,6.250859812925542
x265-ref,fast,chili-pepper-2021,1000,h265,1074.0,mid,1.3466062619215833
x265-ref,fast,chili-pepper-2021,2000,h265,2085.0,mid,2.6821548265449864
x265-ref,fast,chili-pepper-2021,4000,h265,4094.0,mid,3.79432714798532
x265-ref,fast,christmas-cats-2021,1000,h265,1535.0,mid,2.67574591326263
x265-ref,fast,christmas-cats-2021,4000,h265,5721.0,mid,4.317291486439824
x265-ref,fast,christmas-cats-2021,12000,h265,16351.0,high,4.649675424687639
x265-ref,fast,cockatoo-2021,100,h265,125.0,low,3.324282463044181
x265-ref,fast,cockatoo-2021,300,h265,392.0,low,5.55961344588228
x265-ref,fast,cockatoo-2021,2000,h265,2723.0,mid,6.24521898468473
x265-ref,fast,crowd-run-2021,1000,h265,1176.0,mid,1.334339945577975
x265-ref,fast,crowd-run-2021,2000,h265,2446.0,mid,3.661052684195587
x265-ref,fast,crowd-run-2021,4000,h265,4910.0,mid,6.213624970854502
x265-ref,fast,diy-mixer-2021,300,h265,386.0,low,2.5008291459952696
x265-ref,fast,diy-mixer-2021,1000,h265,1259.0,mid,4.638558559195007
x265-ref,fast,diy-mixer-2021,12000,h265,15741.0,high,5.049435786620633
x265-ref,fast,grain-2021,1000,h265,1400.0,mid,1.994911810903083
x265-ref,fast,grain-2021,4000,h265,5248.0,mid,3.110169638898788
x265-ref,fast,grain-2021,12000,h265,14556.0,high,3.174265611798135
x265-ref,fast,lemonade-ads-2021,300,h265,416.0,low,2.565716507326764
x265-ref,fast,lemonade-ads-2021,800,h265,1070.0,mid,5.382377061708676
x265-ref,fast,lemonade-ads-2021,8000,h265,11559.0,high,6.28560359188036
x265-ref,fast,mordor-gameplay-2021,1000,h265,1134.0,mid,1.9110051072824192
x265-ref,fast,mordor-gameplay-2021,4000,h265,5006.0,mid,5.196362590468086
x265-ref,fast,mordor-gameplay-2021,12000,h265,15717.0,high,6.550840900783259
x265-ref,fast,nfl-2021,500,h265,636.0,low,2.6474610128627463
x265-ref,fast,nfl-2021,2000,h265,2614.0,mid,5.548308461433266
x265-ref,fast,nfl-2021,8000,h265,10349.0,high,5.265571824431458
x265-ref,fast,shakerwalk-2021,500,h265,584.0,low,2.8116402739120034
x265-ref,fast,shakerwalk-2021,2000,h265,2491.0,mid,4.74444978027452
x265-ref,fast,shakerwalk-2021,8000,h265,10318.0,high,5.12626059891186
x265-ref,fast,street-report-2021,500,h265,655.0,low,2.197306576701225
x265-ref,fast,street-report-2021,1000,h265,1350.0,mid,4.165567856800029
x265-ref,fast,street-report-2021,4000,h265,5317.0,mid,5.2880345988818185
x265-ref,fast,support-clip-2021,100,h265,104.0,low,2.093855454691994
x265-ref,fast,support-clip-2021,300,h265,280.0,low,5.601951911777796
x265-ref,fast,support-clip-2021,6000,h265,6127.0,high,7.489496162095278
x265-ref,fast,tractor-2021,800,h265,941.0,low,2.279010331719187
x265-ref,fast,tractor-2021,2000,h265,2366.0,mid,3.96164903989716
x265-ref,fast,tractor-2021,6000,h265,7034.0,high,4.80158467066464
x265-ref,offline,basketball-2021,100,h265,232.0,low,2.42282585624668
x265-ref,offline,basketball-2021,500,h265,506.0,low,5.632430405446096
x265-ref,offline,basketball-2021,4000,h265,4433.0,mid,6.832610434588729
x265-ref,offline,chili-pepper-2021,1000,h265,1061.0,mid,1.0412586267938837
x265-ref,offline,chili-pepper-2021,2000,h265,2065.0,mid,2.406665446540932
x265-ref,offline,chili-pepper-2021,4000,h265,4067.0,mid,3.3341714716961954
x265-ref,offline,christmas-cats-2021,1000,h265,1414.0,mid,2.4989679029534986
x265-ref,offline,christmas-cats-2021,4000,h265,5684.0,mid,3.648526337376861
x265-ref,offline,christmas-cats-2021,12000,h265,16415.0,high,3.8062116270811375
x265-ref,offline,cockatoo-2021,100,h265,126.0,low,3.433066494095044
x265-ref,offline,cockatoo-2021,300,h265,391.0,low,5.3777805737369535
x265-ref,offline,cockatoo-2021,2000,h265,2679.0,mid,5.717797118971988
x265-ref,offline,crowd-run-2021,1000,h265,1073.0,mid,1.2335007076679876
x265-ref,offline,crowd-run-2021,2000,h265,2458.0,mid,3.8407943376524254
x265-ref,offline,crowd-run-2021,4000,h265,4923.0,mid,6.3029058664316295
x265-ref,offline,diy-mixer-2021,300,h265,386.0,low,3.139446515514588
x265-ref,offline,diy-mixer-2021,1000,h265,1263.0,mid,4.777986645437712
x265-ref,offline,diy-mixer-2021,12000,h265,15819.0,high,5.213988284663063
x265-ref,offline,grain-2021,1000,h265,1572.0,mid,1.7169016408791749
x265-ref,offline,grain-2021,4000,h265,5491.0,mid,2.606849899639349
x265-ref,offline,grain-2021,12000,h265,14897.0,high,2.839061273419949
x265-ref,offline,lemonade-ads-2021,300,h265,405.0,low,2.857325234372168
x265-ref,offline,lemonade-ads-2021,800,h265,1055.0,mid,5.2984591008060695
x265-ref,offline,lemonade-ads-2021,8000,h265,11343.0,high,5.675155884814707
x265-ref,offline,mordor-gameplay-2021,1000,h265,1131.0,mid,1.9150283973839093
x265-ref,offline,mordor-gameplay-2021,4000,h265,5054.0,mid,5.371725649887363
x265-ref,offline,mordor-gameplay-2021,12000,h265,15877.0,high,6.472624329883191
x265-ref,offline,nfl-2021,500,h265,638.0,low,2.8753259303550456
x265-ref,offline,nfl-2021,2000,h265,2627.0,mid,5.282029052874756
x265-ref,offline,nfl-2021,8000,h265,10366.0,high,5.137590614468728
x265-ref,offline,shakerwalk-2021,500,h265,597.0,low,2.514917177335792
x265-ref,offline,shakerwalk-2021,2000,h265,2527.0,mid,4.023442875397229
x265-ref,offline,shakerwalk-2021,8000,h265,10374.0,high,4.318078906585457
x265-ref,offline,street-report-2021,500,h265,661.0,low,2.925915228858881
x265-ref,offline,street-report-2021,1000,h265,1350.0,mid,4.663969024248228
x265-ref,offline,street-report-2021,4000,h265,5268.0,mid,5.764908809768553
x265-ref,offline,support-clip-2021,100,h265,96.0,low,1.7689245243734968
x265-ref,offline,support-clip-2021,300,h265,277.0,low,5.211698376016619
x265-ref,offline,support-clip-2021,6000,h265,6276.0,high,6.412241623566723
x265-ref,offline,tractor-2021,800,h265,944.0,low,2.60973320605528
x265-ref,offline,tractor-2021,2000,h265,2372.0,mid,4.007635160306816
x265-ref,offline,tractor-2021,6000,h265,7043.0,high,4.542435254593723
xin,fast,basketball-2021,100,h265,220.0,low,2.673965644863204
xin,fast,basketball-2021,500,h265,467.0,low,4.923424306564984
xin,fast,basketball-2021,4000,h265,4834.0,mid,6.563258282759707
xin,fast,chili-pepper-2021,1000,h265,825.0,low,1.3907279291473067
xin,fast,chili-pepper-2021,2000,h265,1667.0,mid,2.750159510939895
xin,fast,chili-pepper-2021,4000,h265,3288.0,mid,3.8812494039258185
xin,fast,christmas-cats-2021,1000,h265,1515.0,mid,2.646743828362052
xin,fast,christmas-cats-2021,4000,h265,5642.0,mid,4.040218182643288
xin,fast,christmas-cats-2021,12000,h265,18947.0,high,4.321836750020294
xin,fast,cockatoo-2021,100,h265,83.0,low,2.045729337733686
xin,fast,cockatoo-2021,300,h265,385.0,low,4.833656500092001
xin,fast,cockatoo-2021,2000,h265,2707.0,mid,6.340144725836839
xin,fast,crowd-run-2021,1000,h265,2135.0,mid,3.532949499340024
xin,fast,crowd-run-2021,2000,h265,2335.0,mid,3.487031803090741
xin,fast,crowd-run-2021,4000,h265,5016.0,mid,6.193372442369979
xin,fast,diy-mixer-2021,300,h265,391.0,low,2.4551548543050434
xin,fast,diy-mixer-2021,1000,h265,1447.0,mid,4.610096335746478
xin,fast,diy-mixer-2021,12000,h265,17018.0,high,4.953548628421177
xin,fast,grain-2021,1000,h265,908.0,low,1.1670248479385976
xin,fast,grain-2021,4000,h265,4600.0,mid,2.9351057455721072
xin,fast,grain-2021,12000,h265,15045.0,high,2.9598239150353773
xin,fast,lemonade-ads-2021,300,h265,357.0,low,1.7233050447200604
xin,fast,lemonade-ads-2021,800,h265,1011.0,mid,5.403226475593074
xin,fast,lemonade-ads-2021,8000,h265,10285.0,high,6.247075342517478
xin,fast,mordor-gameplay-2021,1000,h265,861.0,low,1.2923535753051152
xin,fast,mordor-gameplay-2021,4000,h265,5033.0,mid,4.501294000978429
xin,fast,mordor-gameplay-2021,12000,h265,16038.0,high,6.27556190079831
xin,fast,nfl-2021,500,h265,627.0,low,2.3521512549957624
xin,fast,nfl-2021,2000,h265,2588.0,mid,5.338492979897064
xin,fast,nfl-2021,8000,h265,10268.0,high,5.585475254235351
xin,fast,shakerwalk-2021,500,h265,582.0,low,2.10714928105902
xin,fast,shakerwalk-2021,2000,h265,2526.0,mid,4.374329628972037
xin,fast,shakerwalk-2021,8000,h265,10219.0,high,5.177577361147081
xin,fast,street-report-2021,500,h265,429.0,low,0.7688457049763366
xin,fast,street-report-2021,1000,h265,1259.0,mid,4.041289734902306
xin,fast,street-report-2021,4000,h265,5287.0,mid,5.399953401812366
xin,fast,support-clip-2021,100,h265,104.0,low,2.9840858463634268
xin,fast,support-clip-2021,300,h265,225.0,low,5.136764298486059
xin,fast,support-clip-2021,6000,h265,5857.0,mid,7.4691033276434275
xin,fast,tractor-2021,800,h265,980.0,low,2.248257655671805
xin,fast,tractor-2021,2000,h265,2502.0,mid,3.987785882255493
xin,fast,tractor-2021,6000,h265,7342.0,high,4.845504729540076
xin,offline,basketball-2021,100,h265,207.0,low,3.36866900514643
xin,offline,basketball-2021,500,h265,499.0,low,5.701485127004963
xin,offline,basketball-2021,4000,h265,4869.0,mid,6.899903022024113
xin,offline,chili-pepper-2021,1000,h265,751.0,low,1.2668991396324931
xin,offline,chili-pepper-2021,2000,h265,1651.0,mid,2.564544793206929
xin,offline,chili-pepper-2021,4000,h265,3252.0,mid,3.394793503142848
xin,offline,christmas-cats-2021,1000,h265,1469.0,mid,2.683444149347065
xin,offline,christmas-cats-2021,4000,h265,5916.0,mid,3.709838546325127
xin,offline,christmas-cats-2021,12000,h265,19859.0,high,3.751099912000696
xin,offline,cockatoo-2021,100,h265,85.0,low,2.61792093033025
xin,offline,cockatoo-2021,300,h265,386.0,low,4.71835563717321
xin,offline,cockatoo-2021,2000,h265,2756.0,mid,5.878551213703674
xin,offline,crowd-run-2021,1000,h265,2263.0,mid,4.16044327132486
xin,offline,crowd-run-2021,2000,h265,2390.0,mid,4.316200471254859
xin,offline,crowd-run-2021,4000,h265,4994.0,mid,6.370796967426432
xin,offline,diy-mixer-2021,300,h265,393.0,low,3.4350218044098617
xin,offline,diy-mixer-2021,1000,h265,1424.0,mid,4.865232754983416
xin,offline,diy-mixer-2021,12000,h265,17068.0,high,5.035800333500052
xin,offline,grain-2021,1000,h265,896.0,low,1.1801911800143865
xin,offline,grain-2021,4000,h265,4633.0,mid,2.45203478984297
xin,offline,grain-2021,12000,h265,15855.0,high,2.675667514599497
xin,offline,lemonade-ads-2021,300,h265,371.0,low,2.5335027792249862
xin,offline,lemonade-ads-2021,800,h265,1020.0,mid,5.286402377307887
xin,offline,lemonade-ads-2021,8000,h265,10150.0,high,5.68901752403399
xin,offline,mordor-gameplay-2021,1000,h265,840.0,low,1.6867546118111651
xin,offline,mordor-gameplay-2021,4000,h265,5076.0,mid,5.318356275071512
xin,offline,mordor-gameplay-2021,12000,h265,16405.0,high,6.353647264925729
xin,offline,nfl-2021,500,h265,629.0,low,2.8068526513127803
xin,offline,nfl-2021,2000,h265,2594.0,mid,5.178648401132226
xin,offline,nfl-2021,8000,h265,10265.0,high,5.230134200819057
xin,offline,shakerwalk-2021,500,h265,617.0,low,2.509594080777276
xin,offline,shakerwalk-2021,2000,h265,2517.0,mid,3.852380458488119
xin,offline,shakerwalk-2021,8000,h265,10155.0,high,4.390738216696408
xin,offline,street-report-2021,500,h265,466.0,low,1.942461525283499
xin,offline,street-report-2021,1000,h265,1292.0,mid,4.678362781090239
xin,offline,street-report-2021,4000,h265,5265.0,mid,5.763409407615303
xin,offline,support-clip-2021,100,h265,94.0,low,2.1180663466373044
xin,offline,support-clip-2021,300,h265,236.0,low,4.740438072430142
xin,offline,support-clip-2021,6000,h265,5899.0,mid,6.354393478230819
xin,offline,tractor-2021,800,h265,977.0,low,2.610453922289899
xin,offline,tractor-2021,2000,h265,2454.0,mid,4.019046022902513
xin,offline,tractor-2021,6000,h265,7257.0,high,4.712535894683157
xin-vvc,fast,basketball-2021,100,vvc,219.0,low,2.9248172297739483
xin-vvc,fast,basketball-2021,500,vvc,471.0,low,4.990516101945332
xin-vvc,fast,basketball-2021,4000,vvc,4854.0,mid,6.580920992160647
xin-vvc,fast,chili-pepper-2021,1000,vvc,771.0,low,1.9394093050489989
xin-vvc,fast,chili-pepper-2021,2000,vvc,1713.0,mid,3.180817512132488
xin-vvc,fast,chili-pepper-2021,4000,vvc,3468.0,mid,4.07198233432864
xin-vvc,fast,christmas-cats-2021,1000,vvc,1530.0,mid,3.059270749260351
xin-vvc,fast,christmas-cats-2021,4000,vvc,5608.0,mid,4.1934901210397895
xin-vvc,fast,christmas-cats-2021,12000,vvc,18774.0,high,4.691524154182631
xin-vvc,fast,cockatoo-2021,100,vvc,90.0,low,1.954546973077408
xin-vvc,fast,cockatoo-2021,300,vvc,378.0,low,5.165356780219328
xin-vvc,fast,cockatoo-2021,2000,vvc,2743.0,mid,6.188344980755245
xin-vvc,fast,crowd-run-2021,1000,vvc,2101.0,mid,4.336200454039707
xin-vvc,fast,crowd-run-2021,2000,vvc,2361.0,mid,4.601604495468434
xin-vvc,fast,crowd-run-2021,4000,vvc,5009.0,mid,6.6404734383908455
xin-vvc,fast,diy-mixer-2021,300,vvc,377.0,low,2.5831263096831707
xin-vvc,fast,diy-mixer-2021,1000,vvc,1427.0,mid,4.548278412021998
xin-vvc,fast,diy-mixer-2021,12000,vvc,17045.0,high,4.877397449240406
xin-vvc,fast,grain-2021,1000,vvc,925.0,low,1.6527282033776205
xin-vvc,fast,grain-2021,4000,vvc,4602.0,mid,2.957553747571308
xin-vvc,fast,grain-2021,12000,vvc,15085.0,high,3.0921027171772297
xin-vvc,fast,lemonade-ads-2021,300,vvc,369.0,low,2.455421799876853
xin-vvc,fast,lemonade-ads-2021,800,vvc,1018.0,mid,5.517991246558925
xin-vvc,fast,lemonade-ads-2021,8000,vvc,10245.0,high,6.211402696099013
xin-vvc,fast,mordor-gameplay-2021,1000,vvc,878.0,low,1.9157536133651007
xin-vvc,fast,mordor-gameplay-2021,4000,vvc,5096.0,mid,5.184674807557494
xin-vvc,fast,mordor-gameplay-2021,12000,vvc,16160.0,high,6.6624597548725255
xin-vvc,fast,nfl-2021,500,vvc,632.0,low,3.151112665391424
xin-vvc,fast,nfl-2021,2000,vvc,2595.0,mid,5.599933509989714
xin-vvc,fast,nfl-2021,8000,vvc,10227.0,high,5.570232538091998
xin-vvc,fast,shakerwalk-2021,500,vvc,622.0,low,2.868023081327916
xin-vvc,fast,shakerwalk-2021,2000,vvc,2524.0,mid,4.7644290958679685
xin-vvc,fast,shakerwalk-2021,8000,vvc,10247.0,high,5.021867775472151
xin-vvc,fast,street-report-2021,500,vvc,464.0,low,0.752798952014234
xin-vvc,fast,street-report-2021,1000,vvc,1258.0,mid,4.316455314704029
xin-vvc,fast,street-report-2021,4000,vvc,5277.0,mid,5.264850810239372
xin-vvc,fast,support-clip-2021,100,vvc,121.0,low,2.885050645901849
xin-vvc,fast,support-clip-2021,300,vvc,229.0,low,5.489770078297752
xin-vvc,fast,support-clip-2021,6000,vvc,5903.0,mid,7.454975965918466
xin-vvc,fast,tractor-2021,800,vvc,977.0,low,2.781199615694643
xin-vvc,fast,tractor-2021,2000,vvc,2459.0,mid,4.166445600765695
xin-vvc,fast,tractor-2021,6000,vvc,7305.0,high,4.949241434531795
xin-vvc,offline,basketball-2021,100,vvc,188.0,low,3.6793732728758894
xin-vvc,offline,basketball-2021,500,vvc,497.0,low,5.98446723185581
xin-vvc,offline,basketball-2021,4000,vvc,4872.0,mid,6.921322334488434
xin-vvc,offline,chili-pepper-2021,1000,vvc,864.0,low,1.997942870460262
xin-vvc,offline,chili-pepper-2021,2000,vvc,1688.0,mid,2.838835647843899
xin-vvc,offline,chili-pepper-2021,4000,vvc,3431.0,mid,3.5839846750967834
xin-vvc,offline,christmas-cats-2021,1000,vvc,1502.0,mid,3.124583037042664
xin-vvc,offline,christmas-cats-2021,4000,vvc,5848.0,mid,3.7306595682444335
xin-vvc,offline,christmas-cats-2021,12000,vvc,19727.0,high,3.78311494699189
xin-vvc,offline,cockatoo-2021,100,vvc,85.0,low,3.4483085236805
xin-vvc,offline,cockatoo-2021,300,vvc,391.0,low,5.080910099761306
xin-vvc,offline,cockatoo-2021,2000,vvc,2824.0,mid,5.968404830328256
xin-vvc,offline,crowd-run-2021,1000,vvc,1833.0,mid,4.2683286357124
xin-vvc,offline,crowd-run-2021,2000,vvc,2451.0,mid,4.659321367622569
xin-vvc,offline,crowd-run-2021,4000,vvc,5034.0,mid,6.672653459634084
xin-vvc,offline,diy-mixer-2021,300,vvc,379.0,low,3.9117601332681313
xin-vvc,offline,diy-mixer-2021,1000,vvc,1418.0,mid,5.111814131569708
xin-vvc,offline,diy-mixer-2021,12000,vvc,17201.0,high,5.0832565803971335
xin-vvc,offline,grain-2021,1000,vvc,948.0,low,1.7021600711143143
xin-vvc,offline,grain-2021,4000,vvc,4606.0,mid,2.7639508734548066
xin-vvc,offline,grain-2021,12000,vvc,15770.0,high,2.648669321270825
xin-vvc,offline,lemonade-ads-2021,300,vvc,363.0,low,3.933521329739817
xin-vvc,offline,lemonade-ads-2021,800,vvc,1004.0,mid,5.400411453276771
xin-vvc,offline,lemonade-ads-2021,8000,vvc,10312.0,high,5.72622637096133
xin-vvc,offline,mordor-gameplay-2021,1000,vvc,985.0,low,2.534872108375991
xin-vvc,offline,mordor-gameplay-2021,4000,vvc,5150.0,mid,5.661675088011093
xin-vvc,offline,mordor-gameplay-2021,12000,vvc,16793.0,high,6.522020387041243
xin-vvc,offline,nfl-2021,500,vvc,635.0,low,3.850389823254965
xin-vvc,offline,nfl-2021,2000,vvc,2609.0,mid,5.448221360632358
xin-vvc,offline,nfl-2021,8000,vvc,10252.0,high,5.132144845206882
xin-vvc,offline,shakerwalk-2021,500,vvc,624.0,low,2.746366272145112
xin-vvc,offline,shakerwalk-2021,2000,vvc,2523.0,mid,3.965579445240524
xin-vvc,offline,shakerwalk-2021,8000,vvc,10268.0,high,4.454333909625793
xin-vvc,offline,street-report-2021,500,vvc,510.0,low,2.7774509418187527
xin-vvc,offline,street-report-2021,1000,vvc,1305.0,mid,5.116192618312446
xin-vvc,offline,street-report-2021,4000,vvc,5221.0,mid,5.895814512870514
xin-vvc,offline,support-clip-2021,100,vvc,72.0,low,2.316292041655773
xin-vvc,offline,support-clip-2021,300,vvc,232.0,low,5.191180097467262
xin-vvc,offline,support-clip-2021,6000,vvc,6131.0,mid,6.2469909836264685
xin-vvc,offline,tractor-2021,800,vvc,981.0,low,3.1081656483240327
xin-vvc,offline,tractor-2021,2000,vvc,2452.0,mid,4.265013603840275
xin-vvc,offline,tractor-2021,6000,vvc,7214.0,high,4.644584241927422
svt-av1,offline,blue-hair-ugc,40,av1,4878.0,mid,5.5305848584583055
svt-av1,offline,blue-hair-ugc,48,av1,2559.0,mid,5.4081835197032735
svt-av1,offline,blue-hair-ugc,58,av1,1157.0,mid,4.723917251086838
svt-av1,offline,boys-ugc,44,av1,5201.0,mid,4.707687281577879
svt-av1,offline,boys-ugc,54,av1,2545.0,mid,3.588929372315943
svt-av1,offline,boys-ugc,62,av1,1159.0,mid,2.01268752783576
svt-av1,offline,game-streamer-ugc,54,av1,5259.0,mid,2.302250830294941
svt-av1,offline,game-streamer-ugc,60,av1,2443.0,mid,1.3644043762240956
svt-av1,offline,game-streamer-ugc,63,av1,1038.0,mid,0.4990683681939778
svt-av1,offline,happy-dog-ugc,52,av1,4790.0,mid,5.7599814108709
svt-av1,offline,happy-dog-ugc,60,av1,2604.0,mid,4.993022458738913
svt-av1,offline,happy-dog-ugc,63,av1,1689.0,mid,4.323544281838306
svt-av1,offline,light-show-ugc,34,av1,4810.0,mid,4.368277606545231
svt-av1,offline,light-show-ugc,42,av1,2517.0,mid,4.06048742621194
svt-av1,offline,light-show-ugc,52,av1,1191.0,mid,3.5722602754630985
svt-av1,offline,mountain-dog-ugc,50,av1,5274.0,mid,2.2669291650695715
svt-av1,offline,mountain-dog-ugc,56,av1,2443.0,mid,1.94654345573584
svt-av1,offline,mountain-dog-ugc,60,av1,1346.0,mid,1.5724487253834094
svt-av1,offline,pool-underwater-ugc,58,av1,5070.0,mid,4.5577894534108285
svt-av1,offline,pool-underwater-ugc,63,av1,2206.0,mid,3.3074719359342404
svt-av1,offline,pumba-ugc,42,av1,5182.0,mid,3.6090378947972974
svt-av1,offline,pumba-ugc,50,av1,2478.0,mid,2.9343508605258863
svt-av1,offline,pumba-ugc,56,av1,1323.0,mid,2.2230197978776816
svt-av1,offline,tourist-ugc,40,av1,4924.0,mid,2.855420239463787
svt-av1,offline,tourist-ugc,50,av1,2392.0,mid,2.57965651113721
svt-av1,offline,tourist-ugc,58,av1,1338.0,mid,2.1836600272960727
svt-av1,offline,winter-riding-ugc,61,av1,4851.0,mid,5.1940579378169724
svt-av1,offline,winter-riding-ugc,63,av1,3186.0,mid,4.832943160238411
svt-hevc,offline,blue-hair-ugc,28,h265,4011.0,mid,5.579203281635387
svt-hevc,offline,blue-hair-ugc,33,h265,1914.0,mid,5.108962307167965
svt-hevc,offline,blue-hair-ugc,38,h265,1005.0,mid,3.893108075587005
svt-hevc,offline,boys-ugc,31,h265,3854.0,mid,4.168053059852595
svt-hevc,offline,boys-ugc,36,h265,1921.0,mid,2.8878827876980804
svt-hevc,offline,boys-ugc,40,h265,1081.0,mid,1.6238055834388052
svt-hevc,offline,game-streamer-ugc,34,h265,4888.0,mid,1.6720956242526284
svt-hevc,offline,game-streamer-ugc,36,h265,2863.0,mid,1.2620629168098842
svt-hevc,offline,game-streamer-ugc,39,h265,986.0,low,0.7351471813818189
svt-hevc,offline,happy-dog-ugc,33,h265,4473.0,mid,5.631254274617324
svt-hevc,offline,happy-dog-ugc,38,h265,2317.0,mid,5.047177799163194
svt-hevc,offline,happy-dog-ugc,43,h265,1226.0,mid,3.798630757057096
svt-hevc,offline,light-show-ugc,25,h265,4428.0,mid,4.461767916563401
svt-hevc,offline,light-show-ugc,30,h265,2110.0,mid,3.6384448974528
svt-hevc,offline,light-show-ugc,36,h265,1041.0,mid,2.540259740678793
svt-hevc,offline,mountain-dog-ugc,31,h265,5153.0,mid,2.28471397898669
svt-hevc,offline,mountain-dog-ugc,35,h265,2286.0,mid,1.83378496687532
svt-hevc,offline,mountain-dog-ugc,38,h265,1217.0,mid,1.1440304030700343
svt-hevc,offline,pool-underwater-ugc,36,h265,4663.0,mid,4.111809630832434
svt-hevc,offline,pool-underwater-ugc,40,h265,2205.0,mid,3.393100826853356
svt-hevc,offline,pool-underwater-ugc,43,h265,1223.0,mid,2.180024295399664
svt-hevc,offline,pumba-ugc,29,h265,3868.0,mid,3.097160085630503
svt-hevc,offline,pumba-ugc,33,h265,1838.0,mid,2.643136791048988
svt-hevc,offline,pumba-ugc,37,h265,889.0,low,1.4414694797204912
svt-hevc,offline,tourist-ugc,27,h265,4914.0,mid,2.9600022918495914
svt-hevc,offline,tourist-ugc,32,h265,2359.0,mid,2.3516483710336806
svt-hevc,offline,tourist-ugc,38,h265,1070.0,mid,1.4464867429518296
svt-hevc,offline,winter-riding-ugc,38,h265,4300.0,mid,5.211766276001176
svt-hevc,offline,winter-riding-ugc,42,h265,2274.0,mid,4.443043865326779
svt-hevc,offline,winter-riding-ugc,46,h265,1177.0,mid,2.841769249748518
svt-vp9,offline,blue-hair-ugc,45,vp9,4695.0,mid,5.541520546818917
svt-vp9,offline,blue-hair-ugc,54,vp9,2326.0,mid,4.528711020730032
svt-vp9,offline,blue-hair-ugc,62,vp9,1127.0,mid,3.1366945348370097
svt-vp9,offline,boys-ugc,53,vp9,4661.0,mid,3.428521528794996
svt-vp9,offline,boys-ugc,61,vp9,2396.0,mid,1.8690413135943564
svt-vp9,offline,boys-ugc,63,vp9,1692.0,mid,1.1787658059386974
svt-vp9,offline,game-streamer-ugc,60,vp9,4850.0,mid,1.1886798531174143
svt-vp9,offline,game-streamer-ugc,63,vp9,2342.0,mid,0.2374986171037001
svt-vp9,offline,happy-dog-ugc,56,vp9,5027.0,mid,5.304836070525108
svt-vp9,offline,happy-dog-ugc,63,vp9,2483.0,mid,3.965625546673695
svt-vp9,offline,light-show-ugc,40,vp9,4443.0,mid,4.32174023992857
svt-vp9,offline,light-show-ugc,49,vp9,2338.0,mid,3.805051255765068
svt-vp9,offline,light-show-ugc,59,vp9,1157.0,mid,2.285218861777734
svt-vp9,offline,mountain-dog-ugc,53,vp9,5063.0,mid,1.9865801423481209
svt-vp9,offline,mountain-dog-ugc,59,vp9,2466.0,mid,1.358473166098105
svt-vp9,offline,mountain-dog-ugc,63,vp9,1211.0,mid,0.4175091968946662
svt-vp9,offline,pool-underwater-ugc,60,vp9,5192.0,mid,3.719495971618657
svt-vp9,offline,pool-underwater-ugc,63,vp9,2941.0,mid,3.0387643821390693
svt-vp9,offline,pumba-ugc,50,vp9,4656.0,mid,2.9114610057347625
svt-vp9,offline,pumba-ugc,58,vp9,2206.0,mid,2.05548236159246
svt-vp9,offline,pumba-ugc,62,vp9,1295.0,mid,0.5678506031668848
svt-vp9,offline,tourist-ugc,47,vp9,4693.0,mid,2.702250790891464
svt-vp9,offline,tourist-ugc,57,vp9,2384.0,mid,1.9017618104993743
svt-vp9,offline,tourist-ugc,63,vp9,1348.0,mid,0.6551260773318486
svt-vp9,offline,winter-riding-ugc,62,vp9,5196.0,mid,4.910935206282724
svt-vp9,offline,winter-riding-ugc,63,vp9,4164.0,mid,4.217130426480109
x264,offline,blue-hair-ugc,31,h264,3885.0,mid,4.625323443676742
x264,offline,blue-hair-ugc,36,h264,2129.0,mid,3.185055091647364
x264,offline,blue-hair-ugc,44,h264,1030.0,mid,0.0
x264,offline,boys-ugc,30,h264,4377.0,mid,3.838110902032029
x264,offline,boys-ugc,35,h264,2189.0,mid,1.8926543897040995
x264,offline,boys-ugc,41,h264,1113.0,mid,0.0
x264,offline,game-streamer-ugc,32,h264,4208.0,mid,1.462190775471651
x264,offline,game-streamer-ugc,34,h264,2039.0,mid,0.7799539298883944
x264,offline,game-streamer-ugc,36,h264,987.0,low,0.0
x264,offline,happy-dog-ugc,32,h264,4597.0,mid,5.088245954822568
x264,offline,happy-dog-ugc,38,h264,2610.0,mid,2.566703090227352
x264,offline,happy-dog-ugc,48,h264,1526.0,mid,0.0
x264,offline,light-show-ugc,26,h264,4133.0,mid,4.053938392154088
x264,offline,light-show-ugc,31,h264,2164.0,mid,2.885475263638515
x264,offline,light-show-ugc,38,h264,1094.0,mid,0.0
x264,offline,mountain-dog-ugc,32,h264,3594.0,mid,1.781014104055952
x264,offline,mountain-dog-ugc,34,h264,2059.0,mid,1.4480469127723332
x264,offline,mountain-dog-ugc,37,h264,1067.0,mid,0.0
x264,offline,pool-underwater-ugc,35,h264,4131.0,mid,3.668365881859909
x264,offline,pool-underwater-ugc,39,h264,1570.0,mid,1.8044571894740733
x264,offline,pool-underwater-ugc,42,h264,850.0,low,0.0
x264,offline,pumba-ugc,31,h264,3974.0,mid,2.71717967227526
x264,offline,pumba-ugc,34,h264,2246.0,mid,1.7527890692276804
x264,offline,pumba-ugc,38,h264,1178.0,mid,0.0
x264,offline,tourist-ugc,25,h264,4621.0,mid,2.797675080920031
x264,offline,tourist-ugc,31,h264,2223.0,mid,1.971530111670201
x264,offline,tourist-ugc,37,h264,1262.0,mid,0.0
x264,offline,winter-riding-ugc,35,h264,4839.0,mid,4.7206459997597525
x264,offline,winter-riding-ugc,40,h264,2294.0,mid,2.357304249553178
x264,offline,winter-riding-ugc,45,h264,1320.0,mid,0.0
x265,offline,blue-hair-ugc,28,h265,4729.0,mid,5.296594121085692
x265,offline,blue-hair-ugc,32,h265,2486.0,mid,5.429375574189711
x265,offline,blue-hair-ugc,37,h265,1205.0,mid,4.502431206238002
x265,offline,boys-ugc,30,h265,4632.0,mid,4.777004404100672
x265,offline,boys-ugc,35,h265,2291.0,mid,3.7253738021190266
x265,offline,boys-ugc,40,h265,1098.0,mid,2.279988939007191
x265,offline,game-streamer-ugc,33,h265,6324.0,high,2.179232807804439
x265,offline,game-streamer-ugc,35,h265,3240.0,mid,1.8848235937821904
x265,offline,game-streamer-ugc,37,h265,1400.0,mid,1.744360648331075
x265,offline,happy-dog-ugc,31,h265,4695.0,mid,5.712982031468735
x265,offline,happy-dog-ugc,36,h265,2305.0,mid,5.138432239464729
x265,offline,happy-dog-ugc,41,h265,1172.0,mid,3.6136078560565865
x265,offline,light-show-ugc,24,h265,5138.0,mid,4.337436926132175
x265,offline,light-show-ugc,29,h265,2344.0,mid,4.425079543233946
x265,offline,light-show-ugc,34,h265,1156.0,mid,3.1643352181875946
x265,offline,mountain-dog-ugc,32,h265,4523.0,mid,2.390393673389352
x265,offline,mountain-dog-ugc,34,h265,2593.0,mid,2.0215291470432177
x265,offline,mountain-dog-ugc,37,h265,1074.0,mid,1.2236689734030275
x265,offline,pool-underwater-ugc,36,h265,4729.0,mid,4.503874876391317
x265,offline,pool-underwater-ugc,39,h265,2665.0,mid,3.836297858188325
x265,offline,pool-underwater-ugc,42,h265,1311.0,mid,2.7026546981471595
x265,offline,pumba-ugc,29,h265,4620.0,mid,3.4616243217671925
x265,offline,pumba-ugc,33,h265,2284.0,mid,3.01141296028972
x265,offline,pumba-ugc,37,h265,1057.0,mid,2.065124277511541
x265,offline,tourist-ugc,26,h265,5165.0,mid,3.0253093357845287
x265,offline,tourist-ugc,30,h265,2719.0,mid,2.4350367483305937
x265,offline,tourist-ugc,35,h265,1219.0,mid,1.6001187631594362
x265,offline,winter-riding-ugc,37,h265,4749.0,mid,5.242461319543077
x265,offline,winter-riding-ugc,41,h265,2370.0,mid,4.234167906021242
x265,offline,winter-riding-ugc,46,h265,1258.0,mid,2.534463149609077
